0.03262563422,-0.02688275278,-0.09297838062
0.01289757434,-0.01175548974,-0.08603596687
-0.00119561085,0.00132366002,-0.08395262808
-0.00239042030,0.01038722228,-0.08474741131
-0.00417574681,0.01547175366,-0.08775933832
0.00529035833,0.01600114815,-0.08404028416
0.00022014740,0.01001957338,-0.08025134355
0.00313484669,0.00442574685,-0.07142519206
0.00532457838,0.00317207631,-0.06415533274
0.01603873447,-0.00323919719,-0.06168600172
0.02588014677,-0.00375671568,-0.06169317663
0.03422848508,-0.00747095421,-0.06147534028
0.04467829317,0.00165607024,-0.07537592202
0.04584926367,0.00073591818,-0.07487984747
0.04952578247,0.00689964509,-0.07100996375
0.05125857517,0.00695840549,-0.07688077539
0.05346718431,0.00480870763,-0.07849868387
0.04990169033,0.00317427749,-0.08060014993
0.04868111014,0.00273316912,-0.08479311317
0.04357017577,0.00241454761,-0.08502097428
0.04001257941,-0.00032929241,-0.08711979538
0.03546236083,-0.00108842354,-0.08921450377
0.03347611055,-0.00139582518,-0.08930808306
0.03374707699,0.00304779341,-0.09071796387
0.03347468749,0.00262779277,-0.08928528428
0.03371905535,0.00309390947,-0.09112111479
0.03328967094,0.00184896344,-0.09131949395
0.03275418282,0.00278007728,-0.09089512378
0.03177642822,0.00418976089,-0.09340015054
0.03052377328,0.00520485733,-0.09374392778
0.03299403191,0.00572878262,-0.09445590526
0.03788888454,0.00603738334,-0.09571456909
0.04063808918,0.00770270778,-0.09798121452
0.04170358181,0.00954389572,-0.09819400311
0.04417347535,0.01059055328,-0.09585697204
0.04261469841,0.00838735700,-0.09533352405
0.04477488622,0.00462222472,-0.09424114227
0.04472612962,0.00058025162,-0.09138230234
0.04528341442,-0.00044143506,-0.09530580044
0.04179022089,-0.00015595123,-0.09735397249
0.03988621384,0.00152227632,-0.10049240291
0.03732018173,0.00102849829,-0.10071504861
0.03680755571,0.00417861948,-0.10352988541
0.03595725819,-0.00140458671,-0.09642027318
0.03298217058,-0.00305488193,-0.09398239106
0.02788171358,-0.00410784641,-0.09193575382
0.02645052038,-0.00278359721,-0.09213718027
0.02885032073,0.00041813246,-0.09359189868
0.02953798138,0.00172239426,-0.09806911647
0.03158128634,0.00205401075,-0.09965971857
0.03505745903,0.00295417733,-0.10121394694
0.03593144938,0.00323258853,-0.10152482241
0.03628135845,0.00148564449,-0.10237572342
0.03507588059,0.00123095443,-0.10114721209
0.03672965616,0.00213657180,-0.09983375669
0.03537732735,0.00355272531,-0.10067070276
0.03319984674,0.00413231039,-0.10364416987
0.03503244370,0.00493716681,-0.10006430745
0.03328832239,0.00427860906,-0.10302141309
0.03467977419,0.00437818095,-0.10244279355
0.03481473401,0.00439134100,-0.10183851421
0.03765513375,0.00245393859,-0.10136153549
0.03670156375,0.00121257280,-0.10129298270
0.03639506921,-0.00144061935,-0.10360433906
0.03551888838,-0.00134591968,-0.10095743835
0.03317487240,-0.00491270144,-0.09703809023
0.03479337320,-0.00472667534,-0.09485308081
0.03356754035,-0.00167083845,-0.09453275055
0.03298890591,-0.00386810442,-0.09042444825
0.03536939248,0.00136056799,-0.09222664684
0.04278445616,0.00152042229,-0.09432000667
0.04276751354,0.00460668327,-0.09974873066
0.03766212612,0.00789001491,-0.09899049252
0.02890865505,0.00844237581,-0.09731151164
0.02453882247,0.01158327796,-0.10099159926
0.02511495538,0.00831795298,-0.09339820594
0.02485932410,0.00698646344,-0.09136871248
0.02579450235,0.01006577071,-0.09314317256
0.02516049519,0.01033948362,-0.09288962930
0.02452209033,0.00870534312,-0.09155759960
0.02453837171,0.00717452494,-0.09157511592
0.02393571287,0.00332070189,-0.09056255221
0.02535999194,0.00399996154,-0.09323661774
0.02597179450,0.00551270600,-0.09664416313
0.02544932067,0.00383983296,-0.09763799608
0.02882745489,0.00497302506,-0.09765461087
0.02762329578,0.00444427691,-0.09679710120
0.02936053649,0.00189331989,-0.09697008133
0.02887187712,0.00469168182,-0.09570298344
0.02493214607,0.00432143034,-0.09784500301
0.02600491792,0.00381807238,-0.09516267478
0.02730619535,0.00403249916,-0.09677916020
0.02672719955,0.00419298373,-0.09638857096
0.02817487344,0.00690936716,-0.09739890695
0.02882063203,0.00656640250,-0.09885104001
0.03324532509,0.00671833754,-0.09870196134
0.03879451752,0.00519332057,-0.09964441508
0.03878116608,0.00385859818,-0.09761432558
0.03819525614,0.00473596808,-0.09798155725
0.03603779897,0.00504420092,-0.10022594780
0.03789697215,0.00023292370,-0.10025761276
0.03871862963,-0.00389000145,-0.09670174122
0.04440816864,-0.00155848032,-0.09773495793
0.04810440168,-0.00169424887,-0.09690046310
0.04341585562,-0.00354159251,-0.09914171696
0.04123172536,-0.00493904715,-0.09586323798
0.04203763232,-0.00380524970,-0.09518775344
0.03940840065,-0.00001833880,-0.09625124931
0.03881819174,-0.00033388502,-0.09278421104
0.03854579479,-0.00044051782,-0.09533337504
0.04112623259,0.00249589374,-0.09890051931
0.04418342561,0.00379206310,-0.09989622235
0.04527514800,0.00274559995,-0.09858396649
0.04600710422,0.00284077576,-0.09992265701
0.04447454959,0.00564978644,-0.09920961410
0.04418702796,0.00517829880,-0.09831210971
0.04373492673,0.00601399317,-0.09981220216
0.04198780283,0.00562249729,-0.09897432476
0.04147305712,0.00455122767,-0.09578378499
0.04093797505,0.00394850085,-0.09599027038
0.03701680899,0.00250780489,-0.09694449604
0.03498859704,0.00090505282,-0.09908036143
0.03458340839,0.00107413426,-0.09859330207
0.03228453547,0.00031781330,-0.10088171810
0.03275641799,0.00043875360,-0.10105017573
0.03568147868,0.00281382911,-0.09983886778
0.03440467268,0.00207446516,-0.10301538557
0.03712610528,0.00097860023,-0.09849011153
0.03891126439,0.00134756439,-0.10206805915
0.03793895245,0.00076268218,-0.09703483433
0.03804085031,0.00429992285,-0.09463559091
0.03961442783,0.00418732408,-0.09354844689
0.03431840613,0.00563281495,-0.09305273741
0.03624082729,0.00180646905,-0.09068536758
0.03631398454,0.00056824443,-0.08902614564
0.03724768385,0.00389140705,-0.09244658053
0.03252994269,0.00190255337,-0.09504465759
0.03708043322,-0.00005081536,-0.09378252178
0.03667532653,-0.00238286820,-0.09409626573
0.03593672439,-0.00279175281,-0.09698630124
0.04148412123,-0.00258854101,-0.09587194771
0.04017478600,-0.00331264944,-0.10203070939
0.03847365826,-0.00605758838,-0.10153800994
0.03585724533,-0.00743138790,-0.10140707344
0.03703278676,-0.00683872541,-0.09907549620
0.03799715638,-0.00984998792,-0.09934408218
0.03494783118,-0.00771817612,-0.10010822862
0.03254575655,-0.00802688207,-0.10125556588
0.03173821419,-0.00681260740,-0.10020364821
0.03263138235,-0.00421414291,-0.10050188750
0.03239414468,-0.00397287821,-0.10084258020
0.03569256142,-0.00324978190,-0.10056638718
0.03254878148,-0.00302284956,-0.10059418529
0.02697491460,-0.00227103545,-0.09934579581
0.02880704403,0.00004206366,-0.09952432662
0.02824818157,0.00108347833,-0.09879923612
0.02847647481,0.00137856486,-0.09889407456
0.03020703606,0.00199073716,-0.09801141173
0.03642069921,0.00470662443,-0.09756347537
0.04472755641,0.00694069220,-0.09772441536
0.04616141319,0.00420066807,-0.09914276004
0.04716944322,0.00392401451,-0.10049288720
0.04465424642,0.00322328066,-0.10164222121
0.04063798860,0.00454303203,-0.10381983221
0.04115331918,0.00157056120,-0.10218785703
0.03961313143,0.00062173215,-0.09942352772
0.04180772230,-0.00072602433,-0.10081253946
0.03774212673,-0.00244996999,-0.10148394108
0.03532637283,0.00043968510,-0.10231079906
0.03922967985,-0.00132545840,-0.10199131072
0.03527310491,-0.00069013564,-0.09745079279
0.03269909322,0.00261998945,-0.09746777266
0.03564462438,0.00081850810,-0.09977010638
0.04023109749,0.00460820179,-0.09890834987
0.04575380683,0.00552191492,-0.09980462492
0.04868761823,0.00440616813,-0.09650328010
0.04593797028,0.00135279074,-0.09920331091
0.04614638537,0.00333269266,-0.10044080019
0.04555175453,0.00264105597,-0.10065237433
0.04293703660,0.00149696344,-0.09663972259
0.04307961091,0.00096570072,-0.09698399156
0.04068642855,0.00091464311,-0.09624812007
0.03872403875,-0.00002090214,-0.09491785616
0.03688823804,-0.00105211081,-0.09779451787
0.03629824892,-0.00102665275,-0.09691781551
0.03759504482,-0.00094267260,-0.09602901340
0.03369782865,-0.00133323204,-0.09606664628
0.03371526301,-0.00083761167,-0.09542948753
0.03297986835,-0.00111755205,-0.09407899529
0.03116353601,-0.00120864762,-0.09709987044
0.03342821449,-0.00071705692,-0.09785794467
0.03373459727,-0.00079012092,-0.09811618924
0.03637499362,0.00237695850,-0.10076826811
0.03786099702,0.00244545517,-0.09833314270
0.03937717900,0.00525599159,-0.09726209939
0.03966005892,0.00322166504,-0.09472684562
0.03733549267,0.00363550382,-0.09285472333
0.03517868370,0.00357992458,-0.09233398736
0.03635418043,0.00462422660,-0.09500071406
0.03651973605,0.00471925968,-0.09514801204
0.03740291670,0.00570731936,-0.09583985806
0.03772926703,0.00788822118,-0.09761956334
0.03580261394,0.00225550332,-0.09752186388
0.04074674472,0.00211323774,-0.09958909452
0.03962107748,-0.00307062757,-0.09784020483
0.04216286913,-0.00442418503,-0.09722368419
0.04191573709,-0.00201427145,-0.10047543794
0.03924241662,-0.00644787587,-0.10342147946
0.03685691953,-0.00959985238,-0.10181090236
0.03442211449,-0.01034006197,-0.10307402909
0.03734728694,-0.01028545108,-0.10128241032
0.03794663027,-0.01061131153,-0.10275001824
0.03755988926,-0.01257037092,-0.10038948059
0.03522801772,-0.01057416853,-0.10184212029
0.03234555200,-0.00690629892,-0.10333838314
0.03274559975,-0.00780552393,-0.10126221180
0.03008950874,-0.00344652077,-0.10276689380
0.03048706800,-0.00316062383,-0.10150869936
0.02878022380,-0.00160104351,-0.10147470236
0.02856623754,-0.00161779113,-0.09907320887
0.03231227398,-0.00039240660,-0.10014044493
0.03538310900,0.00113895955,-0.09897566587
0.04155457020,0.00364557025,-0.09903786331
0.04617941752,0.00276533328,-0.09744727612
0.04590845108,0.00367873744,-0.09768117219
0.04270911217,0.00549114309,-0.10167241842
0.04107856378,0.00339831877,-0.10013517737
0.04221166298,0.00132191810,-0.09930893779
0.04477251321,-0.00196157419,-0.09612154216
0.04356412590,-0.00189779315,-0.09249332547
0.04343707114,-0.00223903987,-0.09578055888
0.03537759557,-0.00344250281,-0.09575859457
0.03808836639,-0.00140306831,-0.09551409632
0.03495782241,-0.00399596337,-0.09252888709
0.03077686578,-0.00028922636,-0.09349835664
0.03355361521,0.00469834078,-0.09627314657
0.03817001730,0.00496085221,-0.09577352554
0.04786575958,0.00758421328,-0.09262891114
0.04352704436,0.00839414820,-0.09780091792
0.04138021171,0.00912791491,-0.09738574177
0.03863891959,0.00623641955,-0.10458251834
0.04226527736,0.00929483213,-0.10093206912
0.04266725481,0.00563898170,-0.09769653529
0.04171520099,0.00749885989,-0.09660895169
0.04403092712,0.00962439738,-0.09950070083
0.04343828931,0.00793214329,-0.09764838964
0.04764612019,0.01017633546,-0.09816274792
0.04380010441,0.00974742137,-0.09663829207
0.04296713695,0.00842170324,-0.09824801981
0.04221502692,0.00930948090,-0.09857394546
0.03787745908,0.00795306452,-0.09866431355
0.03636271879,0.00785011891,-0.09832946211
0.03271324933,0.00640996220,-0.09732408822
0.03475801274,0.00701953145,-0.09864071012
0.03500131890,0.00678595528,-0.10168243200
0.03935563192,0.00644028559,-0.10158120096
0.03618252650,0.00645580003,-0.09852131456
0.03585889563,0.00339529361,-0.09399063885
0.02882126905,0.00164375734,-0.09222166985
0.02834438533,-0.00100022252,-0.09311100841
0.02716460079,-0.00349316210,-0.09514056146
0.03197257221,-0.00435053604,-0.09357186407
0.03260400519,-0.00504094083,-0.09746120125
0.03586206585,-0.00376998144,-0.09472958744
0.03896067291,-0.00131359394,-0.09483912587
0.03737566993,-0.00617114082,-0.09175200015
0.04021239653,-0.00721131358,-0.09242165089
0.03856277838,-0.00485776505,-0.09342721105
0.03981358185,-0.00345697231,-0.09587589651
0.03916724026,-0.00577147957,-0.09598713368
0.03796035424,-0.00759900967,-0.09718701988
0.04046022892,-0.00920523331,-0.09558597952
0.03888374195,-0.00849389751,-0.09855772555
0.04378519207,-0.00966430083,-0.09706869721
0.04311095551,-0.01039445214,-0.09719096869
0.04305109754,-0.00742363278,-0.10023538023
0.04024492949,-0.00617807964,-0.10037916154
0.03898990527,-0.00374579756,-0.10227108747
0.03472959623,-0.00351889199,-0.10240864754
0.03454435244,-0.00199071318,-0.10276864469
0.03145956993,-0.00199446757,-0.10258654505
0.03294980526,-0.00289174542,-0.10099070519
0.03282356635,-0.00274723303,-0.10238721967
0.02980816178,-0.00304398383,-0.10140819848
0.03056120686,-0.00307023665,-0.09919673204
0.03184640408,-0.00111395097,-0.10007765144
0.03107201867,0.00076666556,-0.10180985928
0.03468346596,-0.00043621566,-0.10091859847
0.03892385960,-0.00222849729,-0.09664286673
0.03857159615,-0.00132036337,-0.10016418248
0.03786731139,-0.00053602381,-0.09729809314
0.03443957493,-0.00198183302,-0.09846767038
0.03898283094,-0.00670942711,-0.09479828924
0.04220324755,-0.00639450876,-0.09099788219
0.04520902410,-0.00592711801,-0.08957057446
0.04596330971,-0.00670050131,-0.09132286906
0.04067775235,-0.00799866207,-0.08957824856
0.04106488451,-0.00561375823,-0.09054330736
0.03791205585,0.00322643016,-0.09222535044
0.03971132264,0.00663618697,-0.09516026825
0.04328024760,0.00750527764,-0.09588497877
0.04639051482,0.00760527141,-0.09484113753
0.05204860121,0.00968870427,-0.09681848437
0.05836455524,0.01116767805,-0.10130891204
0.05662322789,0.01219477411,-0.10117939115
0.05671057105,0.01171179116,-0.09943634272
0.05417932943,0.01025639940,-0.09813775867
0.05167672038,0.00730966497,-0.09719812125
0.04726452753,0.00690067234,-0.09795474261
0.04595966637,0.00708942907,-0.09749375284
0.04457500204,0.00552667072,-0.09912330657
0.04431384057,0.00796333235,-0.09801744670
0.04146410152,0.00560035277,-0.09880868345
0.03853130713,0.00629500579,-0.09864745289
0.03769293055,0.00881206151,-0.09965703636
0.03580773249,0.00821527094,-0.09976840764
0.03765590489,0.00877459720,-0.10135336965
0.03565158695,0.00764261372,-0.10329240561
0.03701483831,0.00843826309,-0.10322570801
0.04009504989,0.00820180960,-0.10129849613
0.03322223201,0.00738709094,-0.09617156535
0.03466531634,0.00383516145,-0.08816279471
0.03224233538,0.00366142765,-0.09154118598
0.03152311593,0.00053205562,-0.09108145535
0.03030399606,-0.00347257894,-0.08837175369
0.03319355473,-0.00399897108,-0.08977679908
0.02985040657,-0.00296666473,-0.09024673700
0.03826766834,-0.00338968029,-0.09255807847
0.04189838469,-0.00780529249,-0.09025467932
0.04454854876,-0.00824992079,-0.08729884773
0.04789470881,-0.00615399424,-0.08652061969
0.05147258565,-0.00671788165,-0.08893992007
0.04905188829,-0.00609977916,-0.08726054430
0.04593124986,-0.01067090221,-0.09054978937
0.04584725946,-0.01205792371,-0.09250098467
0.04653142020,-0.01055787038,-0.09391102940
0.04619617760,-0.01181488298,-0.09173380584
0.04727140069,-0.01075654570,-0.09404931962
0.04755152389,-0.01197570190,-0.09416409582
0.04626678303,-0.01101341378,-0.09613215178
0.04491804913,-0.00988046918,-0.09838393331
0.04105531797,-0.00819929130,-0.09901595116
0.03809057921,-0.00875806436,-0.09856397659
0.03702628985,-0.00613966025,-0.10018216819
0.03881430626,-0.00519541278,-0.09939951450
0.03864336386,-0.00546285789,-0.09856193513
0.03566908836,-0.00416168151,-0.10025358200
0.03424787521,-0.00493434351,-0.09816226363
0.03401625156,-0.00405621482,-0.09749301523
0.03576481342,-0.00489688106,-0.09505318850
0.04012012482,-0.00565564679,-0.09319239855
0.03841602802,-0.00490978267,-0.09495669603
0.03560245410,-0.00451845024,-0.09294795245
0.03322875500,-0.00530062988,-0.09360131621
0.03589401767,-0.00866372604,-0.08951138705
0.04271695763,-0.00786797795,-0.08563002944
0.04448657110,-0.00758574856,-0.08483381569
0.04200857505,-0.00723912893,-0.08415283263
0.03803419694,-0.00691453088,-0.08657202125
0.04071872309,-0.00372860488,-0.08825736493
0.04002356902,0.00302125840,-0.08850634098
0.03794437274,0.00633270713,-0.09132961184
0.03893410787,0.00876660459,-0.09283763170
0.04260567948,0.00764851272,-0.09449177235
0.04883684590,0.01119923778,-0.09606654197
0.05389143154,0.00932467729,-0.09982037544
0.05946143717,0.01264133956,-0.09769283980
0.05882157013,0.01225239877,-0.09964857250
0.05538813397,0.01100976951,-0.09620010853
0.05292411149,0.01024084818,-0.09714913368
0.04956491292,0.00936033390,-0.09593002498
0.04808596149,0.00942770950,-0.09499835223
0.04573846981,0.00893181097,-0.09654840827
0.04368162900,0.00679347990,-0.09617499262
0.04193107039,0.00533027202,-0.09656153619
0.03860993311,0.00430188002,-0.09685044736
0.03676018864,0.00480204402,-0.09827801585
0.03689846396,0.00368851819,-0.09845989943
0.03509876877,0.00373343984,-0.09892376512
0.03451715037,0.00238272501,-0.09872648120
0.03489914164,0.00329445372,-0.09887319058
0.03379554674,0.00366938370,-0.09911422431
0.03367889300,0.00374536030,-0.10178958625
0.03527326882,0.00572944200,-0.10074722767
0.03922080621,0.00486250501,-0.09968864173
0.03882489353,0.00803349726,-0.09828929603
0.03694615513,0.00524156028,-0.09212619066
0.03422723711,0.00363533408,-0.09215845913
0.03447363153,0.00272599817,-0.09309686720
0.02918457985,0.00220041838,-0.09511150420
0.03606028110,0.00121227209,-0.09478871524
0.03128632531,0.00110337534,-0.09663754702
0.03616762161,0.00241964916,-0.10060381144
0.03599532694,-0.00130206440,-0.09644234180
0.03901712969,-0.00360813132,-0.09666123241
0.04085411131,-0.00516209798,-0.09571802616
0.04213074222,-0.00298384996,-0.09806346148
0.04089550674,-0.00218139030,-0.09393756092
0.04343696311,-0.00223168358,-0.09942054749
0.04306149110,-0.00454904372,-0.10012137890
0.04080809280,-0.00602291618,-0.09914349020
0.04186362028,-0.00917050987,-0.09674810618
0.04583431780,-0.00813492853,-0.09537452459
0.04528778419,-0.00746121304,-0.09887762368
0.04412555695,-0.00589561369,-0.09976288676
0.04308497906,-0.00435048668,-0.10151174664
0.04049183056,-0.00517555512,-0.10112501681
0.03891802207,-0.00350063806,-0.10183779895
0.03721250221,-0.00031978264,-0.10221121460
0.03656768054,-0.00063309935,-0.10108581185
0.03391754627,-0.00007941268,-0.10101946443
0.03304874524,0.00007420730,-0.10091375560
0.03342092037,0.00203591492,-0.10087840259
0.03398764133,0.00463306811,-0.10034162551
0.03284871578,0.00339481514,-0.09926726669
0.03626501560,0.00291049294,-0.09909931570
0.03685307503,0.00277277757,-0.09776157141
0.03807365894,0.00472166995,-0.09769889712
0.03963732719,0.00498622004,-0.09957502037
0.04117667675,0.00497352751,-0.09817400575
0.03440141305,0.00259332103,-0.09795951098
0.03719304502,-0.00099107740,-0.09493175149
0.04446367174,-0.00147964712,-0.09329964966
0.04809006304,-0.00193921733,-0.09571843594
0.04639982060,-0.00502887508,-0.09415990114
0.04221807048,-0.00424474757,-0.09144140780
0.04626185447,-0.00300674047,-0.09209977090
0.04237500951,0.00130416744,-0.09121631086
0.04260029644,0.00283333356,-0.09412847459
0.04800397903,0.00883979909,-0.09500745684
0.05025272816,0.00690293452,-0.09535650164
0.05684546009,0.00993247982,-0.09666422009
0.05970177799,0.01078662649,-0.10190594941
0.06005856022,0.01442651544,-0.10364684463
0.06383234262,0.01651096903,-0.10814289004
0.06006598845,0.01718872041,-0.10603801161
0.06020385772,0.01503960136,-0.10484904051
0.05515751615,0.01376432274,-0.10216622055
0.05254944414,0.01243213750,-0.10137141496
0.05097272247,0.01349626482,-0.10364867002
0.04671829194,0.01225291658,-0.10392699391
0.04224975035,0.01132007595,-0.10189374536
0.04066959396,0.01058442052,-0.10252870619
0.03913295642,0.01080204919,-0.10346923023
0.03654858470,0.01079902612,-0.10456318408
0.03950734437,0.01200502925,-0.10573696345
0.03787822276,0.01107471157,-0.10683386773
0.03691549227,0.01277391613,-0.10801528394
0.03233277053,0.01073628105,-0.10302031040
0.02939366177,0.00793357100,-0.09705923498
0.03208212554,0.00912891794,-0.09561005980
0.03310332447,0.00759987393,-0.09809890389
0.03486269712,0.00405057846,-0.09571885318
0.03547320142,0.00166688510,-0.09337633103
0.03477399051,0.00230737496,-0.09510843456
0.03723808378,-0.00167736702,-0.09624949843
0.04008867219,-0.00725781498,-0.09055137634
0.04462781176,-0.00944550708,-0.08872798085
0.04835880920,-0.00994591322,-0.08845275640
0.04880541936,-0.00998697896,-0.08795201033
0.04822887108,-0.00999769848,-0.09138455987
0.04450787604,-0.01278454345,-0.09045033902
0.04672082514,-0.01253328752,-0.09245173633
0.04921025038,-0.01202776376,-0.09251762182
0.05365194753,-0.01148645952,-0.09210734069
0.05359442905,-0.01353270002,-0.09089487046
0.05305020139,-0.01096261386,-0.09216461331
0.05054169521,-0.00941220764,-0.09399021417
0.04640806839,-0.01103130355,-0.09331966937
0.04394531250,-0.00671866396,-0.09576543421
0.04246690497,-0.00724127190,-0.09757596999
0.03786740825,-0.00533789583,-0.09914828092
0.03936314583,-0.00360217853,-0.09904407710
0.03655170277,-0.00324914162,-0.09838368744
0.03593838215,-0.00091961148,-0.09956782311
0.03601861373,-0.00175685447,-0.10000538081
0.03471851721,-0.00292277872,-0.09632766992
0.03497278690,-0.00047457320,-0.09829901159
0.03484678268,0.00140878686,-0.09909642488
0.03898191452,0.00185775687,-0.09707234800
0.04027461633,0.00163516670,-0.09424102306
0.03523576632,0.00435930397,-0.09589561820
0.03193593770,0.00439854059,-0.09484978020
0.03397430480,0.00263816980,-0.09398508817
0.04033020884,-0.00240423833,-0.08889828622
0.04974858463,-0.00421605865,-0.08403818309
0.04575751722,-0.00646899221,-0.08912666887
0.04208288714,-0.00424018456,-0.09138382971
0.04589968547,-0.00334411487,-0.09067406505
0.04395323619,-0.00023861937,-0.09147946537
0.03958169371,0.00667461334,-0.09095878154
0.04390768334,0.00752096483,-0.09444352239
0.05027629808,0.01065454073,-0.09729185700
0.05476190150,0.00990865473,-0.09339734167
0.05479528382,0.00940338615,-0.09861401469
0.05651687086,0.01157876477,-0.10251158476
0.05935436860,0.01077150274,-0.10207220912
0.05497693643,0.01036483236,-0.10206770152
0.05550070852,0.00917760562,-0.09720628709
0.05295646936,0.01047851983,-0.09824287891
0.05057465285,0.01076438837,-0.09870664775
0.04845974594,0.00993571710,-0.09605325013
0.04611314088,0.01211086474,-0.09681888670
0.04518651590,0.01260787342,-0.09622751176
0.04422384873,0.00975299161,-0.09458912164
0.04115348309,0.01059376635,-0.09764137864
0.04108292237,0.01162793860,-0.09885829687
0.03769328818,0.01003971044,-0.09651141614
0.03820978850,0.00907207374,-0.09846235067
0.03748450056,0.00947517250,-0.09941768646
0.03796822950,0.00844322331,-0.10069069266
0.03963168710,0.00693479739,-0.10444212705
0.04088460281,0.00603354815,-0.10083429515
0.03573426604,0.00626733946,-0.09637465328
0.03174562752,0.00301769190,-0.08935217559
0.02967577428,0.00361841265,-0.09032021463
0.02891929075,-0.00036365420,-0.09314195812
0.02838591114,-0.00250285049,-0.09369684011
0.03259145841,-0.00070725649,-0.09242435545
0.02875723131,-0.00054210814,-0.09525369853
0.03675366566,0.00237909355,-0.09848278016
0.03907934204,-0.00109927787,-0.09348615259
0.04439939559,-0.00355907879,-0.09048677236
0.04790556803,-0.00436493661,-0.08980117738
0.04625856504,-0.00465560332,-0.09198263288
0.04617846757,-0.00328299473,-0.09321296960
0.04550544918,-0.00603990909,-0.09706971049
0.04208857194,-0.00964536238,-0.09558865428
0.04172445461,-0.00810445752,-0.09551317245
0.04471604154,-0.01132760942,-0.09618499875
0.04404529929,-0.00935394317,-0.09675521404
0.04471703991,-0.01030148938,-0.09861826897
0.04320919514,-0.01170297340,-0.09649694711
0.04209649935,-0.00896426104,-0.09887468070
0.03959692642,-0.00781860854,-0.10183871537
0.03750264645,-0.00583956344,-0.10236767679
0.03617763892,-0.00447329227,-0.10264869034
0.03615736961,-0.00306082400,-0.10028887540
0.03736388683,-0.00269138510,-0.10060054809
0.03733122349,-0.00176196918,-0.09944897890
0.03478360176,-0.00226354785,-0.10011445731
0.03254616261,-0.00010418556,-0.09982027858
0.03426957130,0.00051811308,-0.09953442216
0.03710091114,-0.00043511289,-0.09775599092
0.04303228855,-0.00067076326,-0.09829562902
0.04375326633,0.00343030063,-0.10126733780
0.04020857811,0.00410885084,-0.09923303872
0.03771197051,0.00168303214,-0.10008412600
0.04337301478,-0.00250893715,-0.09514094889
0.04782232642,-0.00632120483,-0.08959817141
0.04559219256,-0.00926526077,-0.09080303460
0.04262797907,-0.00823993981,-0.09249105304
0.04299383238,-0.00545489974,-0.09118827432
0.04375796765,-0.00443184981,-0.09177705646
0.03882598504,0.00313295051,-0.09167564660
0.04075086862,0.00444555702,-0.09272947162
0.04545602202,0.00531767914,-0.09465711564
0.04698500037,0.00530692097,-0.09481904656
0.05295252427,0.00701693771,-0.09734638035
0.05497394130,0.00720365206,-0.09926930815
0.05658105016,0.01012377162,-0.10419239849
0.06034079194,0.01164739113,-0.09989346564
0.05675192550,0.00975295622,-0.09652000666
0.05271652341,0.00960485637,-0.09513211250
0.05159873515,0.01024991460,-0.09460147470
0.05142631009,0.00884198770,-0.09680232406
0.04882504791,0.00820915308,-0.09624760598
0.04416622221,0.00864358153,-0.09689727426
0.04160935432,0.00769247673,-0.09833157063
0.03926570714,0.00955675822,-0.09681806713
0.03916144371,0.00995929632,-0.09827186167
0.03945691139,0.00868472643,-0.09575314820
0.03522217646,0.00944751408,-0.09882801026
0.03656331450,0.00891789049,-0.10041532665
0.03924878687,0.00916228071,-0.10084771365
0.04128865153,0.00866939314,-0.10075600445
0.03478736430,0.00881246850,-0.09625685960
0.03451645374,0.00584136276,-0.09192549437
0.03326321021,0.00284871599,-0.09155454487
0.03280678391,0.00086036231,-0.09314464033
0.03030456416,-0.00172191602,-0.09055126458
0.03338699788,-0.00413799053,-0.08971363306
0.03124630079,-0.00142982055,-0.09310512245
0.03449955210,-0.00140831806,-0.09520249814
0.03980823606,-0.00592211960,-0.09177256376
0.04553512111,-0.01024197135,-0.08868357539
0.04465100914,-0.00918216445,-0.08715181053
0.04834266379,-0.00895167235,-0.08867461979
0.04801935330,-0.00979494490,-0.08647540957
0.04483124241,-0.01131659001,-0.09344135225
0.04385941476,-0.01305607427,-0.09181237221
0.04341188073,-0.01208374277,-0.08926761895
0.04532428458,-0.01223162282,-0.09143454581
0.04834367707,-0.01099853683,-0.09248226136
0.04775878787,-0.01121217571,-0.09142179787
0.04797038808,-0.01047413051,-0.09364714473
0.04219960049,-0.00813415181,-0.09735721350
0.04197930545,-0.00814645831,-0.09562990069
0.03718126193,-0.00784792006,-0.09631609172
0.03636968136,-0.00578464288,-0.09832641482
0.03601860628,-0.00668197963,-0.10006602108
0.03292191029,-0.00751474872,-0.09895908833
0.03217947111,-0.00453341100,-0.10180053860
0.03413689137,-0.00403067376,-0.10098139197
0.03442037106,-0.00405535102,-0.10048570484
0.03554904461,-0.00314190565,-0.09876494855
0.03856742382,-0.00211754488,-0.09571351856
0.03446972743,-0.00166204583,-0.09814649820
0.03056037240,-0.00106558728,-0.09705319256
0.02830624580,-0.00311082532,-0.09569337219
0.03059244528,-0.00648232643,-0.09248860180
0.03825022653,-0.00598469982,-0.08902984113
0.04174567387,-0.00653553102,-0.08646435291
0.04173643142,-0.00479386235,-0.08715871722
0.03569901362,-0.00572595233,-0.08695246279
0.04060135782,-0.00448593777,-0.08744487911
0.03927638382,0.00340002030,-0.08755945414
0.03748508915,0.00611899327,-0.09233336151
0.04286925122,0.00970629044,-0.09446835518
0.04963600636,0.00815388653,-0.09424024075
0.05293543637,0.01100288890,-0.09737363458
0.05345218629,0.01049896702,-0.09856412560
0.05789621547,0.01355160959,-0.09785632789
0.05641888455,0.00929632969,-0.09468159825
0.05491145700,0.00791594945,-0.09614015371
0.05023556575,0.00801819842,-0.09382743388
0.04876595363,0.00769429002,-0.09419916570
0.04720247909,0.00797220320,-0.09291245043
0.04678012058,0.00931245275,-0.09447932243
0.04777336866,0.00779244304,-0.09332127869
0.04550113901,0.00790539291,-0.09167405218
0.04333421215,0.00592439389,-0.09228915721
0.04143717885,0.00670756539,-0.09427306801
0.03856135160,0.00559591036,-0.09592656791
0.03788174689,0.00666748127,-0.09644344449
0.03853575885,0.00707129529,-0.09622659534
0.03714852035,0.00656935060,-0.09712441266
0.03690044582,0.00504477043,-0.09919264913
0.03556988016,0.00483026076,-0.10099163651
0.03927824646,0.00466701156,-0.10204123706
0.04083218798,0.00517406361,-0.09716598690
0.03660369292,0.00543206232,-0.09256253392
0.03202395886,0.00525140949,-0.09025190026
0.03038767353,0.00356205180,-0.09055864811
0.02957081608,0.00021214757,-0.09263589233
0.02659018897,-0.00036838659,-0.09411820769
0.02835917100,-0.00076795730,-0.09338609129
0.02941047587,-0.00013459909,-0.09696459770
0.03562396765,-0.00001357955,-0.09700427204
0.03826730326,-0.00337193930,-0.09587147832
0.04260830581,-0.00407576188,-0.09376311302
0.04294574261,-0.00637137145,-0.09281539917
0.04646365717,-0.00423253421,-0.09504818171
0.04405605793,-0.00450534932,-0.09365283698
0.04531314597,-0.00737732323,-0.09638822079
0.04382275790,-0.01062421501,-0.09626010060
0.04199460521,-0.01279174816,-0.09486535192
0.04154975712,-0.01282553095,-0.09528257698
0.04504778236,-0.01257929485,-0.09527242184
0.04506004229,-0.01281373948,-0.09571336210
0.04285061732,-0.01109011378,-0.09712167829
0.04161822423,-0.01040790789,-0.09877890348
0.03934670985,-0.00773753319,-0.09972333908
0.03836119175,-0.00613290491,-0.10172485560
0.03696394712,-0.00464548031,-0.10087403655
0.03379559517,-0.00465807319,-0.10077051073
0.03509033471,-0.00316011906,-0.10202407837
0.03245210648,-0.00482094567,-0.10220003873
0.03020286188,-0.00269928481,-0.10077264160
0.03149807453,-0.00285744667,-0.09826189280
0.03469741344,-0.00224977545,-0.09837970883
0.03629791737,-0.00078710972,-0.09867826104
0.04034590349,-0.00190091121,-0.09558372200
0.03869748488,0.00237825466,-0.09948818386
0.03478360921,0.00095967075,-0.09783526510
0.03544401005,0.00000691569,-0.09551530331
0.04100408405,-0.00274984445,-0.08935554326
0.04361509532,-0.00510451570,-0.08730504662
0.04329442233,-0.00544850435,-0.09022689611
0.03958225623,-0.00556488289,-0.08985911310
0.04320784658,-0.00329538737,-0.09050601721
0.04297549278,0.00075767911,-0.08922366053
0.03793199360,0.00460024970,-0.08996421099
0.04063452408,0.00868358277,-0.09528546780
0.04878615215,0.00865582284,-0.09722399712
0.05197764561,0.00959524326,-0.09590423852
0.05712499842,0.00978628267,-0.10072453320
0.05986980349,0.01045613363,-0.10243754089
0.06240681931,0.01439979952,-0.10580970347
0.06040331721,0.01474146172,-0.10212612152
0.05989307165,0.01502588205,-0.09862893075
0.05816643313,0.01470295433,-0.09928754717
0.05460556224,0.01354042813,-0.09924351424
0.05366213247,0.01447128970,-0.10014390200
0.04832231998,0.01139566489,-0.10182410479
0.04643703252,0.01137621514,-0.10131926090
0.04385426641,0.01290349755,-0.10281430185
0.04094772041,0.01155888662,-0.10250725597
0.03992133215,0.01175477356,-0.10333991796
0.03843535483,0.00965381972,-0.10236177593
0.03793849796,0.00917695090,-0.10414268821
0.03962401673,0.00948892348,-0.10600456595
0.04132966325,0.00815355871,-0.10495584458
0.03925090656,0.00827197172,-0.10121305287
0.03816899285,0.00647459272,-0.09675233811
0.03221480921,0.00453876564,-0.09538994730
0.03418187052,0.00460449653,-0.09421647340
0.02995802090,0.00053410081,-0.09485062212
0.03509945050,-0.00149818696,-0.09418554604
0.03160616010,-0.00114046445,-0.09195089340
0.03323754668,-0.00081492332,-0.09482680261
0.03393969685,-0.00338294078,-0.09137763828
0.03789119795,-0.00807584915,-0.09065442532
0.03977845237,-0.00924557447,-0.08851132542
0.04216030985,-0.00622172002,-0.09211431444
0.04175424203,-0.00761605194,-0.08657585084
0.04303355515,-0.00999980327,-0.08945375681
0.04219104722,-0.01193453372,-0.09056260437
0.04244496673,-0.01372370869,-0.09029180557
0.04417284206,-0.01316059567,-0.08852267265
0.04678804427,-0.01306002028,-0.08783411235
0.04919746518,-0.01418803912,-0.08759714663
0.04793028161,-0.01480136719,-0.08812146634
0.04478717968,-0.01305227447,-0.09238554537
0.04247973859,-0.01210296899,-0.09330371022
0.04111754149,-0.01093763765,-0.09419994056
0.03854918852,-0.01053663436,-0.09408576787
0.03893386573,-0.00967964530,-0.09516283125
0.03818845376,-0.00842835288,-0.09543810040
0.03757810220,-0.00736639136,-0.09720393270
0.03799724579,-0.00713348435,-0.09552411735
0.03570652008,-0.00534677273,-0.09666351974
0.03856229782,-0.00678833853,-0.09418481588
0.03826832771,-0.00247722771,-0.09438455850
0.04001796246,-0.00544821471,-0.09015000612
0.03858613223,-0.00086558593,-0.09325792640
0.03492748737,-0.00014839890,-0.09148724377
0.03400137275,-0.00004744554,-0.09024736285
0.03928252682,-0.00248317653,-0.08429729939
0.04604781792,-0.00591529626,-0.08101042360
0.04607592896,-0.00758178718,-0.08219022304
0.04378858954,-0.00843605399,-0.08310408145
0.04097980633,-0.00650362531,-0.08636523038
0.04336944595,-0.00321604381,-0.08669903874
0.03835619614,0.00179753103,-0.08635738492
0.03685133904,0.00507823005,-0.09319795668
0.04124488309,0.00688726781,-0.09437572956
0.04598841071,0.00933927856,-0.09595490247
0.05076802522,0.01069372147,-0.09966035932
0.05513050407,0.01241822075,-0.09774767607
0.05978387222,0.01211359352,-0.09666974097
0.05870945007,0.01350908820,-0.10000459850
0.05576855689,0.01295149047,-0.09828820080
0.05084621906,0.01146489382,-0.09891209751
0.04758505896,0.01160281897,-0.09703543037
0.04575138539,0.01183501165,-0.09737895429
0.04388912767,0.01126784552,-0.09754734486
0.04444728047,0.00958460756,-0.09734463692
0.04322671890,0.00857176352,-0.09955293685
0.04252672568,0.00857151393,-0.10126992315
0.04013991356,0.00668131141,-0.09882590175
0.03719420731,0.00604933407,-0.10058482736
0.03663270175,0.00618609274,-0.09994018078
0.03552898765,0.00705919182,-0.10221374780
0.03490551561,0.00594079681,-0.10184920579
0.03468424454,0.00551590091,-0.10126216710
0.03425417840,0.00663630338,-0.10302909464
0.03615770862,0.00364271598,-0.10430277139
0.04135130346,0.00277663069,-0.10174894333
0.03593610227,0.00417804206,-0.09605455399
0.03193380311,0.00150029582,-0.08927723020
0.03161126375,0.00129446224,-0.09063847363
0.03224286437,0.00062019139,-0.09174759686
0.02993426658,-0.00156366616,-0.09002518654
0.03454008326,-0.00132022274,-0.09361872077
0.03032086417,-0.00275986781,-0.09223330766
0.03683779761,0.00006409372,-0.09629119933
0.04001932219,-0.00442376314,-0.09438661486
0.04448183253,-0.00649308367,-0.08983126283
0.04526126757,-0.00671887863,-0.08907417953
0.04614233226,-0.00439697085,-0.08976936340
0.04564705491,-0.00683299871,-0.08852580190
0.04294237494,-0.00960733928,-0.09250126034
0.04190707579,-0.01096788794,-0.09536056221
0.04303691536,-0.01192929596,-0.09594198316
0.04367643595,-0.01185726002,-0.09210812300
0.04640056565,-0.01106872503,-0.09393456578
0.04347239435,-0.01068363618,-0.09645321220
0.04281794652,-0.01156241726,-0.09597066790
0.03975906968,-0.01212496124,-0.09585954249
0.03831159323,-0.00911534112,-0.10032954812
0.03850590810,-0.00738227041,-0.10115282983
0.03591476381,-0.00764550781,-0.10010773689
0.03628218174,-0.00605467614,-0.10037906468
0.03312837705,-0.00273188972,-0.10219849646
0.03732240200,-0.00353866653,-0.09980566055
0.03632557392,-0.00164765283,-0.10038962215
0.03575741872,0.00043144781,-0.10173656046
0.03869974613,0.00132137665,-0.09966767579
0.04818439111,-0.00077009440,-0.09641356766
0.04018461704,-0.00190630031,-0.09824876487
0.03452264890,0.00115468318,-0.09649789333
0.02969572321,0.00101578119,-0.09381698817
0.03779575229,-0.00291553582,-0.08904203773
0.04880505055,-0.00649858126,-0.08291182667
0.05263560638,-0.00755265635,-0.08509144932
0.03856167570,-0.00897363666,-0.08772122115
0.03945886716,-0.00812849030,-0.08583456278
0.04585345462,-0.00407549227,-0.08786249906
0.03969980404,0.00226553367,-0.09069317579
0.04234267771,0.00754037593,-0.09336717427
0.04455193132,0.00624283589,-0.09636151791
0.04517835751,0.00669001276,-0.09685326368
0.05428605899,0.00798829645,-0.09833747894
0.05738876015,0.00518306019,-0.10118072480
0.05832203478,0.00765897660,-0.10078339279
0.05544887483,0.00645004772,-0.10015480965
0.05337084085,0.00634055072,-0.09942027181
0.05122059211,0.00580123765,-0.10020770878
0.05199506506,0.00687121553,-0.09779674560
0.04960975051,0.00713402126,-0.09732235223
0.04862371087,0.00677979225,-0.09550134838
0.04674850404,0.00901745073,-0.09816828370
0.04610427469,0.00764426077,-0.09700944275
0.04269624874,0.00752019044,-0.09556002170
0.04097716510,0.00806752872,-0.09671955556
0.03928688169,0.00632196665,-0.09845938534
0.03714810312,0.00741483644,-0.10041666031
0.03853201866,0.00821558386,-0.10308650881
0.03751306608,0.00887270086,-0.10398394614
0.03976771608,0.01190977264,-0.10388014466
0.04127275199,0.01179532986,-0.10023401678
0.03690667450,0.00839302037,-0.09356010705
0.03532020748,0.00663357181,-0.09250260890
0.03301470727,0.00384436082,-0.09126692265
0.03191349283,0.00164089631,-0.09426004440
0.03053612821,0.00089116831,-0.09427331388
0.03232098371,-0.00038227401,-0.09226334095
0.03840607405,-0.00009480117,-0.09586682916
0.03825926781,-0.00341126882,-0.09230904281
0.04526833072,-0.00407453720,-0.09216138721
0.04401814565,-0.00924928673,-0.08599653840
0.04707122967,-0.00666498719,-0.09076374024
0.04681669176,-0.00865998771,-0.08476129174
0.04645531252,-0.00695015676,-0.09008733183
0.04491174594,-0.01052991021,-0.09113050252
0.04236801714,-0.01056620758,-0.09252648801
0.04240027443,-0.01309890859,-0.09062086791
0.04500803724,-0.01247988082,-0.09143559635
0.04710770398,-0.01139319874,-0.09229156375
0.04783916101,-0.00988214463,-0.09549985826
0.04441002756,-0.00855323020,-0.09764753282
0.04205488041,-0.00841138512,-0.09748019278
0.04102109745,-0.00673597306,-0.09905276448
0.03611827642,-0.00399157126,-0.10115052015
0.03395629674,-0.00436180970,-0.09966617823
0.03324950114,-0.00458448986,-0.09892420471
0.03365873918,-0.00241449010,-0.10117641091
0.03282809258,-0.00345272128,-0.09883467853
0.03425085172,-0.00319394865,-0.09828379005
0.03412771225,-0.00286683021,-0.09662037343
0.03670561314,-0.00155464606,-0.09638043493
0.03941035643,-0.00272282911,-0.09339144081
0.03244221583,-0.00083212444,-0.09178901464
0.03056297265,-0.00054443191,-0.09080813080
0.02970983833,0.00103596912,-0.09034258872
0.03605940193,-0.00446604751,-0.08353610337
0.04369576648,-0.00456912164,-0.07763954997
0.04228165746,-0.00543590775,-0.08333711326
0.03882930800,-0.00769797200,-0.08484939486
0.03885944560,-0.00546147348,-0.08310398459
0.03703536838,0.00015681538,-0.08661832660
0.03548355028,0.00730098272,-0.08775804937
0.04134611785,0.00780029409,-0.09181606770
0.04613132775,0.00946060754,-0.09457018226
0.05181298405,0.00804290362,-0.09387834370
0.05557351187,0.00876387116,-0.09739502519
0.05882867798,0.01036539022,-0.09950046241
0.05779018998,0.00972136669,-0.09889841080
0.05499666929,0.01000988483,-0.09694043547
0.05233081803,0.00914184283,-0.09563991427
0.05119889602,0.00707642594,-0.09358865768
0.05148176104,0.00700797001,-0.09398251027
0.04542069510,0.00685615232,-0.09523921460
0.04575657472,0.00516061252,-0.09466440976
0.04448102042,0.00517656328,-0.09515465051
0.04146409407,0.00478809560,-0.09233818948
0.04138201848,0.00527117494,-0.09435337037
0.04028514028,0.00541414367,-0.09552381933
0.03570776805,0.00444316212,-0.09494524449
0.03771977127,0.00546895247,-0.09840145707
0.03855393827,0.00605467428,-0.09776384383
0.04010460153,0.00663028704,-0.09617932141
0.04156004265,0.00633514998,-0.09936320037
0.04053384811,0.00507145608,-0.09859713167
0.04409768060,0.00396372657,-0.09991165251
0.04778886586,0.00567469560,-0.09910697490
0.04874724522,0.00474490179,-0.09108751267
0.04134665430,0.00194450561,-0.08888665587
0.03503515944,0.00062149169,-0.08926753700
0.03266761824,0.00423095608,-0.09212061018
0.03172594681,0.00277867587,-0.09279830009
0.03144391999,0.00357028446,-0.09546665102
0.03204058111,0.00350834290,-0.09578058124
0.03603446484,0.00312894862,-0.09626910836
0.04212921858,0.00195561163,-0.09951886535
0.04783152044,0.00096332317,-0.10027302057
0.04630438983,-0.00361119583,-0.09384983778
0.04926952720,-0.00181277073,-0.09475680441
0.04932390526,-0.00455901586,-0.09454412758
0.04859431460,-0.00534771336,-0.10061957687
0.04652229697,-0.01092337165,-0.10280432552
0.04252491146,-0.01332260668,-0.10255947709
0.04314949363,-0.01543752011,-0.10055306554
0.04171070457,-0.01510932669,-0.10059738159
0.04201165959,-0.01606405526,-0.09889430553
0.04181697220,-0.01477472391,-0.09943107516
0.04106190428,-0.01453224756,-0.09879444540
0.04101942480,-0.01363456063,-0.10015760362
0.03982984647,-0.01064956095,-0.10097353905
0.03942228109,-0.01002195012,-0.10072324425
0.04046405479,-0.00748755876,-0.10052955151
0.04239809141,-0.00741971470,-0.09851122648
0.04034161568,-0.00585067552,-0.09774482995
0.04313802719,-0.00478954939,-0.09683752060
0.04538810626,-0.00413118815,-0.09400863200
0.05028210953,-0.00198728754,-0.09258181602
0.04851114750,-0.00497564021,-0.08955701441
0.04134393483,-0.00204229285,-0.09091000259
0.03657517955,0.00189242687,-0.09396410733
0.03626445681,0.00028601257,-0.08973440528
0.04128451273,0.00067511859,-0.08478016406
0.03861230612,-0.00475141313,-0.08316121995
0.03616916388,-0.00269280141,-0.08883932233
0.03697769344,-0.00073574483,-0.09181158245
0.04002919048,0.00091758143,-0.09256135672
0.03618985787,0.00546747167,-0.09095947444
0.03452022001,0.00617137691,-0.09498663247
0.03742036223,0.00836370047,-0.09936902672
0.04620156437,0.00800327025,-0.09989281744
0.05244408548,0.00782793295,-0.09897884727
0.05685908720,0.00727874367,-0.10149436444
0.05810394883,0.00936692860,-0.10004728287
0.05598601699,0.00967730116,-0.09926581383
0.05483035371,0.01079589780,-0.09814744443
0.05485878512,0.01273715124,-0.10466106236
0.04847323149,0.01149608381,-0.09680381417
0.04712269455,0.01226030011,-0.09926749021
0.04577147588,0.01172538660,-0.09885426611
0.04357779026,0.01203870401,-0.10087263584
0.04244109616,0.01073189545,-0.09987504035
0.04373943433,0.01097609475,-0.09845553339
0.04232447222,0.01028196421,-0.09788139910
0.04260542616,0.00938565563,-0.09929780662
0.04301245883,0.00850225799,-0.09999163449
0.04332859442,0.00785612222,-0.10019594431
0.04563368112,0.00911158603,-0.10256285220
0.04653551057,0.00746124191,-0.10251650214
0.04913790151,0.00945284776,-0.10247541964
0.04541965574,0.00888224225,-0.09942018241
0.04350344464,0.00853378326,-0.09727432579
0.03560115770,0.00661556795,-0.09536185861
0.03564000875,0.00957793463,-0.09781335294
0.03216098249,0.00760581857,-0.09649982303
0.03366303444,0.00864628423,-0.09313605726
0.03093039617,0.00683637243,-0.09733986855
0.03749490902,0.00698355492,-0.09849384427
0.03433104232,-0.00007593767,-0.09596521407
0.03995861486,-0.00143805263,-0.09947176278
0.04307285696,-0.00700338045,-0.09408297390
0.04403470084,-0.00410946459,-0.09791072458
0.04660517350,-0.00718408637,-0.09398921579
0.04652182758,-0.00921975076,-0.09938166291
0.04555714503,-0.01290050056,-0.09904820472
0.04502151906,-0.01655817404,-0.09834133834
0.04538521543,-0.01732459292,-0.09577953815
0.04889643565,-0.01913094521,-0.09489249438
0.04830893502,-0.01660133339,-0.09674061090
0.04867087305,-0.01669951901,-0.09542413801
0.04550490901,-0.01719263569,-0.09374297410
0.03986522183,-0.01437094342,-0.09672138840
0.03803589568,-0.01574961655,-0.09668555111
0.03794812039,-0.01329733897,-0.09883181006
0.03727497533,-0.00953962002,-0.10067105293
0.03745092452,-0.00969305448,-0.09904634207
0.03671526164,-0.00774891675,-0.09832343459
0.03765584528,-0.00547691062,-0.09771404415
0.03935325891,-0.00389868720,-0.09685719013
0.04299999401,-0.00236839568,-0.09581854194
0.04870712385,-0.00099822402,-0.09471255541
0.05241071060,0.00225278526,-0.09403378516
0.05559444055,0.00438551977,-0.09034191817
0.04676022753,0.00766275357,-0.09281568974
0.04229700938,0.00903855823,-0.09168437123
0.03732162714,0.00899622310,-0.09038592875
0.03909069300,0.00421388540,-0.08586762100
0.04129837826,-0.00138299318,-0.07937233150
0.03723824397,0.00048376294,-0.08556640893
0.03947627544,0.00278752507,-0.08726058900
0.03697784618,0.00407278491,-0.08858183771
0.03492608294,0.00603717240,-0.08827638626
0.03410469741,0.00971698761,-0.08956258744
0.03861475736,0.01099299267,-0.09413129091
0.04618559033,0.01147299353,-0.09479671717
0.05502571166,0.01156053692,-0.09497164935
0.05738970265,0.01373179257,-0.09969837964
0.05808285996,0.01266740542,-0.09763255715
0.06223067269,0.01514048316,-0.10003361106
0.06231200323,0.01345974766,-0.09620508552
0.05395452678,0.01085979678,-0.09656719863
0.05204955116,0.01020814013,-0.09784480184
0.04964303598,0.01069224998,-0.09978860617
0.04715208337,0.01104038022,-0.09766568244
0.04779421911,0.01337360125,-0.10028578341
0.04526694119,0.01214726083,-0.10220970958
0.04155575857,0.01189432945,-0.09977804869
0.04113449529,0.01272945013,-0.09917092323
0.04258032516,0.01421146095,-0.10128095746
0.04364612699,0.01303348225,-0.10110177845
0.04507245496,0.01361807808,-0.10283511132
0.04626220092,0.01136573125,-0.10501015931
0.04554682970,0.01016365830,-0.10581488907
0.04397347569,0.00753033673,-0.10189095885
0.03939369321,0.00971924048,-0.09787670523
0.03476763144,0.00645808922,-0.09225196391
0.03180009127,0.00269121677,-0.09339030832
0.02995736711,0.00389083056,-0.09260621667
0.02683343738,-0.00050465838,-0.09142760932
0.03024739586,-0.00033746607,-0.09446405619
0.03208526596,-0.00236294558,-0.09168687463
0.03398979455,-0.00197236869,-0.09299656004
0.04238594696,-0.00297350623,-0.09535247833
0.04884812981,-0.00914765336,-0.08658032119
0.04816696793,-0.01183315180,-0.08428384364
0.05456720665,-0.01133281924,-0.08367641270
0.05250122771,-0.01077252906,-0.08452883363
0.05358363688,-0.01222695410,-0.08803489059
0.05116704479,-0.01551359799,-0.08769814670
0.05135165900,-0.01502898708,-0.08650540560
0.05229981244,-0.01667583361,-0.08231635392
0.05544308200,-0.01719820127,-0.08320992440
0.05557561293,-0.01675846800,-0.08267460763
0.05555851758,-0.01556899399,-0.08669674397
0.05250452086,-0.01575068757,-0.08794602007
0.05010170862,-0.01371525042,-0.08798711002
0.04731822014,-0.01111926790,-0.09046825022
0.04436074197,-0.01013418939,-0.09038364887
0.04326342419,-0.00852159224,-0.09306108207
0.03811931610,-0.00840629451,-0.09428523481
0.03755915537,-0.00819688290,-0.09337130934
0.03789293393,-0.00659890193,-0.09339432418
0.03693484887,-0.00588043639,-0.09341067821
0.03805315495,-0.00594705110,-0.09216518700
0.03716063499,-0.00394928642,-0.09199760854
0.03537952527,-0.00266510970,-0.09172842652
0.04122734070,-0.00137585588,-0.09021516889
0.04098083451,-0.00111202814,-0.09032124281
0.03863417730,-0.00150924502,-0.08781570941
0.04124802724,0.00017343962,-0.08842954785
0.04597129673,-0.00503370259,-0.08237598091
0.04761227220,-0.00945867877,-0.08124867827
0.04407336563,-0.00978390500,-0.08727160096
0.03934174404,-0.00906675030,-0.09001182765
0.04132722691,-0.00855511520,-0.09169350564
0.04674479365,-0.00478320010,-0.09117768705
0.04693516716,0.00548225734,-0.09168702364
0.05129545927,0.00862688012,-0.09508068860
0.05318002775,0.00857950374,-0.09045523405
0.04148505628,0.01192146167,-0.09446463734
0.04111837223,0.01216529217,-0.09338949621
0.04278963432,0.01136309281,-0.10886001587
0.04705405608,0.00974191725,-0.10462346673
0.05362998322,0.01827614568,-0.11224594712
0.05290481076,0.01828460582,-0.10506200045
0.05056274682,0.02009431273,-0.10791967064
0.04669626430,0.01656625979,-0.10308312625
0.04610499740,0.01577924937,-0.09960515052
0.04451993108,0.01464006398,-0.09884629399
0.04574459046,0.01537797879,-0.09871194512
0.05192577466,0.01514322590,-0.10331910104
0.05025649071,0.01358892489,-0.10213675350
0.05051917583,0.01490055304,-0.10370918363
0.05166335776,0.01458174642,-0.10228863358
0.05375593156,0.01119817328,-0.10658170283
0.05917258188,0.01160117518,-0.10289632529
0.05849796906,0.01058186404,-0.10733216256
0.06949072331,0.01216252614,-0.10513014346
0.06687624753,0.01029742043,-0.09978352487
0.06447064131,0.00920715462,-0.09026896209
0.05865428969,0.01172157843,-0.09258009493
0.05607941747,0.00575336674,-0.09725992382
0.05737850815,-0.00021440130,-0.09601061791
0.05088776723,0.00103901909,-0.09998146445
0.04491473362,0.00209259405,-0.10424929857
0.04198915511,0.00118538865,-0.10015735775
0.04330915585,-0.00191005366,-0.09752777219
0.05062936246,-0.00438871421,-0.09975662082
0.05170387030,-0.01084389258,-0.09189552069
0.04731312394,-0.01236599404,-0.08957356960
0.05102127045,-0.01170928404,-0.08573189378
0.04899410158,-0.00976551976,-0.09002046287
0.05132377148,-0.01319129672,-0.09249170870
0.04921096191,-0.01680900715,-0.09271924198
0.04797509313,-0.01890979707,-0.09071189910
0.05179101974,-0.01858373173,-0.08973878622
0.05011662096,-0.01995043457,-0.08749671280
0.04983559623,-0.01926008426,-0.08482960612
0.04945301265,-0.01733764447,-0.08929291368
0.04610066488,-0.01826016046,-0.08964190632
0.04392801225,-0.01465303078,-0.09205935150
0.04243848473,-0.01482867263,-0.09307771921
0.04075847566,-0.01461505983,-0.09433036298
0.04061387852,-0.01151796803,-0.09493643790
0.04179098830,-0.01255133469,-0.09483071417
0.04473746195,-0.01093034819,-0.09356112033
0.04869068414,-0.00870870054,-0.09239078313
0.05094898865,-0.00862172619,-0.08998100460
0.04495393857,-0.00666329917,-0.08917658776
0.03883615136,-0.00421305187,-0.08731537312
0.03016779386,-0.00296424166,-0.08533267677
0.03258351237,-0.00451014936,-0.08417408913
0.03477532044,-0.01036693528,-0.07610196620
0.03403230384,-0.00834293105,-0.07750707865
0.03611876816,-0.00503722625,-0.08559545130
0.03552339971,-0.00542967394,-0.08468607813
0.03779393062,-0.00357109099,-0.08825735003
0.03556931391,-0.00017215431,-0.08748020232
0.03158765659,0.00316478382,-0.08973852545
0.03376489878,0.00588550046,-0.09709828347
0.04204511270,0.00596817164,-0.09534286708
0.05197040364,0.00777657982,-0.09780979902
0.05624176189,0.00610534241,-0.09877945483
0.06031922996,0.00792737678,-0.09828308970
0.05553714186,0.01168334577,-0.09859294444
0.05476229638,0.01235725172,-0.09582018852
0.05227360502,0.01438001823,-0.09950555116
0.04779840633,0.01200359873,-0.09702492505
0.04601680860,0.01184088085,-0.09778093547
0.04336381704,0.01009115670,-0.09636172652
0.04317610711,0.01068454236,-0.10139258206
0.04171525314,0.00963959284,-0.09990129620
0.04141239449,0.00799866021,-0.09941569716
0.03923546523,0.00864105392,-0.09518626332
0.03724341840,0.00724251335,-0.09810242057
0.03910485283,0.00748470239,-0.09966289252
0.04175585881,0.00558769796,-0.10125902295
0.04365118220,0.00934146717,-0.10403613746
0.04972755164,0.00849065743,-0.09979416430
0.04897395894,0.00987129100,-0.10064227879
0.05303493887,0.00874046143,-0.09830764681
0.05459389463,0.00711037079,-0.10030183941
0.05837561563,0.00755596440,-0.10023161024
0.05848374218,0.01058060396,-0.09113996476
0.05512261391,0.00551621849,-0.08561474085
0.04798681289,0.00514924387,-0.08725777268
0.04537999630,0.00447262265,-0.09705322981
0.03280037642,0.00035859170,-0.09761101753
0.02579823136,0.00281922938,-0.09660959244
0.02446270734,0.00118091481,-0.09497097135
0.03582078964,0.00181090937,-0.09885921329
0.03892742842,0.00019367246,-0.09743785113
0.04065167159,-0.00657492923,-0.09359605610
0.03884144127,-0.00656865118,-0.09068387747
0.04069263116,-0.00636550365,-0.09497276694
0.04336371645,-0.00589862233,-0.09255255014
0.04672909528,-0.00926226005,-0.09445808083
0.04511895031,-0.01280912757,-0.09687693417
0.04306549206,-0.01366829686,-0.09670582414
0.04317572340,-0.01735037006,-0.09292574227
0.04428726807,-0.01422756724,-0.09342718869
0.04491257295,-0.01521219313,-0.09530931711
0.04656420276,-0.01582439803,-0.09453678876
0.04300487414,-0.01317690872,-0.09787184000
0.04128896073,-0.01136770193,-0.09905845672
0.03770374879,-0.00964333955,-0.09793952107
0.03635537997,-0.00965445582,-0.09884758294
0.03722632304,-0.00996277016,-0.09894802421
0.03625559434,-0.00608867407,-0.10051991045
0.03466832265,-0.00688081700,-0.09785391390
0.03495931625,-0.00524261175,-0.09671894461
0.03540313244,-0.00388309360,-0.09793733060
0.03647696972,-0.00571569568,-0.09327663481
0.03852820769,-0.00413373159,-0.09182830900
0.03624654561,-0.00242179772,-0.09417895228
0.03060197271,-0.00109179609,-0.09169969708
0.02743453532,-0.00412447751,-0.08844627440
0.03195490688,-0.00616783183,-0.08074638993
0.04037635773,-0.00714945188,-0.08000879735
0.04124246165,-0.00838909671,-0.08068073541
0.03867380321,-0.00990321394,-0.08399577439
0.04099965841,-0.00532739237,-0.08697038144
0.04080139473,-0.00036375888,-0.08686942607
0.03691773489,0.00569878006,-0.09065701813
0.04218924791,0.00926385075,-0.09423009306
0.04815105721,0.01049396116,-0.09677546471
0.05435085297,0.01029510144,-0.09419046342
0.05742538348,0.01044425089,-0.10120816529
0.05941994488,0.01187490206,-0.10229958594
0.05161049590,0.01137892343,-0.10350789875
0.05189612508,0.00944021158,-0.10076085478
